PRAGMA foreign_keys=OFF;
BEGIN TRANSACTION;
CREATE TABLE "django_migrations" ("id" integer NOT NULL PRIMARY KEY AUTOINCREMENT, "app" varchar(255) NOT NULL, "name" varchar(255) NOT NULL, "applied" datetime NOT NULL);
INSERT INTO "django_migrations" VALUES(1,'contenttypes','0001_initial','2016-03-28 04:28:03.879287');
INSERT INTO "django_migrations" VALUES(2,'auth','0001_initial','2016-03-28 04:28:04.129853');
INSERT INTO "django_migrations" VALUES(3,'admin','0001_initial','2016-03-28 04:28:04.373617');
INSERT INTO "django_migrations" VALUES(4,'admin','0002_logentry_remove_auto_add','2016-03-28 04:28:04.640739');
INSERT INTO "django_migrations" VALUES(5,'contenttypes','0002_remove_content_type_name','2016-03-28 04:28:04.977178');
INSERT INTO "django_migrations" VALUES(6,'auth','0002_alter_permission_name_max_length','2016-03-28 04:28:05.212505');
INSERT INTO "django_migrations" VALUES(7,'auth','0003_alter_user_email_max_length','2016-03-28 04:28:05.489619');
INSERT INTO "django_migrations" VALUES(8,'auth','0004_alter_user_username_opts','2016-03-28 04:28:05.816334');
INSERT INTO "django_migrations" VALUES(9,'auth','0005_alter_user_last_login_null','2016-03-28 04:28:06.067685');
INSERT INTO "django_migrations" VALUES(10,'auth','0006_require_contenttypes_0002','2016-03-28 04:28:06.185695');
INSERT INTO "django_migrations" VALUES(11,'auth','0007_alter_validators_add_error_messages','2016-03-28 04:28:06.453431');
INSERT INTO "django_migrations" VALUES(12,'sessions','0001_initial','2016-03-28 04:28:06.680548');
INSERT INTO "django_migrations" VALUES(13,'email_collector','0001_initial','2016-03-28 04:34:08.842201');
INSERT INTO "django_migrations" VALUES(14,'email_collector','0002_auto_20160328_0510','2016-03-28 05:10:24.193991');
INSERT INTO "django_migrations" VALUES(15,'email_collector','0003_auto_20160328_1132','2016-03-28 11:32:42.753542');
INSERT INTO "django_migrations" VALUES(16,'email_collector','0004_prospectiveuser_ip_address','2016-03-28 12:52:37.932974');
INSERT INTO "django_migrations" VALUES(17,'email_collector','0005_auto_20160328_1328','2016-03-28 13:28:47.347434');
INSERT INTO "django_migrations" VALUES(18,'email_collector','0006_resort_main_picture','2016-03-30 03:14:44.962769');
INSERT INTO "django_migrations" VALUES(19,'email_collector','0007_resort_thumbnail_picture','2016-03-30 03:17:42.860501');
INSERT INTO "django_migrations" VALUES(20,'email_collector','0008_auto_20160403_0155','2016-04-03 01:57:28.894472');
INSERT INTO "django_migrations" VALUES(21,'email_collector','0009_country_tld','2016-04-03 03:40:28.219353');
CREATE TABLE "auth_group" ("id" integer NOT NULL PRIMARY KEY AUTOINCREMENT, "name" varchar(80) NOT NULL UNIQUE);
CREATE TABLE "auth_group_permissions" ("id" integer NOT NULL PRIMARY KEY AUTOINCREMENT, "group_id" integer NOT NULL REFERENCES "auth_group" ("id"), "permission_id" integer NOT NULL REFERENCES "auth_permission" ("id"));
CREATE TABLE "auth_user_groups" ("id" integer NOT NULL PRIMARY KEY AUTOINCREMENT, "user_id" integer NOT NULL REFERENCES "auth_user" ("id"), "group_id" integer NOT NULL REFERENCES "auth_group" ("id"));
CREATE TABLE "auth_user_user_permissions" ("id" integer NOT NULL PRIMARY KEY AUTOINCREMENT, "user_id" integer NOT NULL REFERENCES "auth_user" ("id"), "permission_id" integer NOT NULL REFERENCES "auth_permission" ("id"));
CREATE TABLE "django_admin_log" ("id" integer NOT NULL PRIMARY KEY AUTOINCREMENT, "object_id" text NULL, "object_repr" varchar(200) NOT NULL, "action_flag" smallint unsigned NOT NULL, "change_message" text NOT NULL, "content_type_id" integer NULL REFERENCES "django_content_type" ("id"), "user_id" integer NOT NULL REFERENCES "auth_user" ("id"), "action_time" datetime NOT NULL);
INSERT INTO "django_admin_log" VALUES(1,'1','Country object',1,'Added.',7,1,'2016-03-28 04:36:41.767538');
INSERT INTO "django_admin_log" VALUES(2,'1','Region object',1,'Added.',8,1,'2016-03-28 04:37:39.610778');
INSERT INTO "django_admin_log" VALUES(3,'1','Location object',1,'Added.',9,1,'2016-03-28 04:40:27.816752');
INSERT INTO "django_admin_log" VALUES(4,'1','Resort object',1,'Added.',11,1,'2016-03-28 04:44:02.624132');
INSERT INTO "django_admin_log" VALUES(5,'1','ProspectiveUser object',1,'Added.',10,1,'2016-03-28 05:22:28.246148');
INSERT INTO "django_admin_log" VALUES(6,'1','Country object',2,'No fields changed.',7,1,'2016-03-28 05:27:13.107397');
INSERT INTO "django_admin_log" VALUES(7,'2','Thredbo',1,'Added.',9,1,'2016-03-28 05:56:24.913455');
INSERT INTO "django_admin_log" VALUES(8,'2','Thredbo Alpine Village',1,'Added.',11,1,'2016-03-28 05:58:56.722518');
INSERT INTO "django_admin_log" VALUES(9,'2','Thredbo',2,'Changed description.',9,1,'2016-03-28 05:59:22.740047');
INSERT INTO "django_admin_log" VALUES(10,'2','Thredbo Alpine Village',2,'No fields changed.',11,1,'2016-03-28 06:01:20.694659');
INSERT INTO "django_admin_log" VALUES(11,'2','Thredbo',2,'Changed description.',9,1,'2016-03-28 06:04:46.880350');
INSERT INTO "django_admin_log" VALUES(12,'2','Thredbo Alpine Village',2,'Changed description.',11,1,'2016-03-28 06:06:22.978243');
INSERT INTO "django_admin_log" VALUES(13,'2','Thredbo Alpine Village',2,'Changed longitude and latitude.',11,1,'2016-03-28 06:07:49.408451');
INSERT INTO "django_admin_log" VALUES(14,'3','Charlotte Pass',1,'Added.',9,1,'2016-03-28 06:15:00.989434');
INSERT INTO "django_admin_log" VALUES(15,'3','Charlotte Pass',1,'Added.',11,1,'2016-03-28 06:15:10.395623');
INSERT INTO "django_admin_log" VALUES(16,'1','Snowy Mountains',2,'Changed description.',8,1,'2016-03-28 06:18:41.038536');
INSERT INTO "django_admin_log" VALUES(17,'2','Tasmanian Highlands',1,'Added.',8,1,'2016-03-28 06:27:02.538561');
INSERT INTO "django_admin_log" VALUES(18,'1','Snowy Mountains',2,'Changed description.',8,1,'2016-03-28 06:27:15.614919');
INSERT INTO "django_admin_log" VALUES(19,'2','Ben Lomond Mountain',2,'Changed name, slug and description.',8,1,'2016-03-28 06:36:55.968835');
INSERT INTO "django_admin_log" VALUES(20,'3','Mount Mawson',1,'Added.',8,1,'2016-03-28 06:37:55.985638');
INSERT INTO "django_admin_log" VALUES(21,'2','Ben Lomond',2,'Changed name.',8,1,'2016-03-28 06:38:18.358299');
INSERT INTO "django_admin_log" VALUES(22,'3','Charlotte Pass',2,'Changed main_picture.',11,1,'2016-03-30 03:16:20.800426');
INSERT INTO "django_admin_log" VALUES(23,'2','Thredbo Alpine Village',2,'Changed main_picture.',11,1,'2016-03-30 03:16:32.451583');
INSERT INTO "django_admin_log" VALUES(24,'1','Perisher',2,'Changed main_picture.',11,1,'2016-03-30 03:16:42.812888');
INSERT INTO "django_admin_log" VALUES(25,'3','Charlotte Pass',2,'Changed thumbnail_picture.',11,1,'2016-03-30 03:19:11.814292');
INSERT INTO "django_admin_log" VALUES(26,'2','Thredbo Alpine Village',2,'Changed thumbnail_picture.',11,1,'2016-03-30 03:19:26.434289');
INSERT INTO "django_admin_log" VALUES(27,'1','Perisher',2,'Changed thumbnail_picture.',11,1,'2016-03-30 03:19:37.539459');
INSERT INTO "django_admin_log" VALUES(28,'2','Thredbo Alpine Village',2,'Changed longitude and latitude.',11,1,'2016-03-30 08:05:30.685752');
INSERT INTO "django_admin_log" VALUES(29,'1','Perisher',2,'Changed highest_lifted_point, lowest_lifted_point, base_height, summit_height, lifts_number, season_open, season_close, halfpipes and terrain_parks.',11,1,'2016-04-03 02:21:56.723359');
INSERT INTO "django_admin_log" VALUES(30,'1','Asia',1,'Added.',12,1,'2016-04-03 05:46:47.436865');
INSERT INTO "django_admin_log" VALUES(31,'2','Africa',1,'Added.',12,1,'2016-04-03 05:50:23.301347');
INSERT INTO "django_admin_log" VALUES(32,'2','Africa',2,'Changed description.',12,1,'2016-04-03 05:52:44.482997');
INSERT INTO "django_admin_log" VALUES(33,'3','Antarctica',1,'Added.',12,1,'2016-04-03 05:59:22.433926');
INSERT INTO "django_admin_log" VALUES(34,'4','Australia & Oceania',1,'Added.',12,1,'2016-04-03 06:20:29.427982');
INSERT INTO "django_admin_log" VALUES(35,'5','Europe',1,'Added.',12,1,'2016-04-03 06:20:53.770118');
INSERT INTO "django_admin_log" VALUES(36,'6','North America',1,'Added.',12,1,'2016-04-03 06:21:04.870435');
INSERT INTO "django_admin_log" VALUES(37,'7','South America',1,'Added.',12,1,'2016-04-03 06:21:14.920348');
INSERT INTO "django_admin_log" VALUES(38,'14','Australia',2,'Changed continent.',7,1,'2016-04-03 06:23:57.050510');
INSERT INTO "django_admin_log" VALUES(39,'14','Australia',2,'No fields changed.',7,1,'2016-04-03 06:24:16.334855');
CREATE TABLE "django_content_type" ("id" integer NOT NULL PRIMARY KEY AUTOINCREMENT, "app_label" varchar(100) NOT NULL, "model" varchar(100) NOT NULL);
INSERT INTO "django_content_type" VALUES(1,'admin','logentry');
INSERT INTO "django_content_type" VALUES(2,'auth','permission');
INSERT INTO "django_content_type" VALUES(3,'auth','group');
INSERT INTO "django_content_type" VALUES(4,'auth','user');
INSERT INTO "django_content_type" VALUES(5,'contenttypes','contenttype');
INSERT INTO "django_content_type" VALUES(6,'sessions','session');
INSERT INTO "django_content_type" VALUES(7,'email_collector','country');
INSERT INTO "django_content_type" VALUES(8,'email_collector','region');
INSERT INTO "django_content_type" VALUES(9,'email_collector','location');
INSERT INTO "django_content_type" VALUES(10,'email_collector','prospectiveuser');
INSERT INTO "django_content_type" VALUES(11,'email_collector','resort');
INSERT INTO "django_content_type" VALUES(12,'email_collector','continent');
CREATE TABLE "auth_permission" ("id" integer NOT NULL PRIMARY KEY AUTOINCREMENT, "content_type_id" integer NOT NULL REFERENCES "django_content_type" ("id"), "codename" varchar(100) NOT NULL, "name" varchar(255) NOT NULL);
INSERT INTO "auth_permission" VALUES(1,1,'add_logentry','Can add log entry');
INSERT INTO "auth_permission" VALUES(2,1,'change_logentry','Can change log entry');
INSERT INTO "auth_permission" VALUES(3,1,'delete_logentry','Can delete log entry');
INSERT INTO "auth_permission" VALUES(4,2,'add_permission','Can add permission');
INSERT INTO "auth_permission" VALUES(5,2,'change_permission','Can change permission');
INSERT INTO "auth_permission" VALUES(6,2,'delete_permission','Can delete permission');
INSERT INTO "auth_permission" VALUES(7,3,'add_group','Can add group');
INSERT INTO "auth_permission" VALUES(8,3,'change_group','Can change group');
INSERT INTO "auth_permission" VALUES(9,3,'delete_group','Can delete group');
INSERT INTO "auth_permission" VALUES(10,4,'add_user','Can add user');
INSERT INTO "auth_permission" VALUES(11,4,'change_user','Can change user');
INSERT INTO "auth_permission" VALUES(12,4,'delete_user','Can delete user');
INSERT INTO "auth_permission" VALUES(13,5,'add_contenttype','Can add content type');
INSERT INTO "auth_permission" VALUES(14,5,'change_contenttype','Can change content type');
INSERT INTO "auth_permission" VALUES(15,5,'delete_contenttype','Can delete content type');
INSERT INTO "auth_permission" VALUES(16,6,'add_session','Can add session');
INSERT INTO "auth_permission" VALUES(17,6,'change_session','Can change session');
INSERT INTO "auth_permission" VALUES(18,6,'delete_session','Can delete session');
INSERT INTO "auth_permission" VALUES(19,7,'add_country','Can add country');
INSERT INTO "auth_permission" VALUES(20,7,'change_country','Can change country');
INSERT INTO "auth_permission" VALUES(21,7,'delete_country','Can delete country');
INSERT INTO "auth_permission" VALUES(22,8,'add_region','Can add region');
INSERT INTO "auth_permission" VALUES(23,8,'change_region','Can change region');
INSERT INTO "auth_permission" VALUES(24,8,'delete_region','Can delete region');
INSERT INTO "auth_permission" VALUES(25,9,'add_location','Can add location');
INSERT INTO "auth_permission" VALUES(26,9,'change_location','Can change location');
INSERT INTO "auth_permission" VALUES(27,9,'delete_location','Can delete location');
INSERT INTO "auth_permission" VALUES(28,10,'add_prospectiveuser','Can add prospective user');
INSERT INTO "auth_permission" VALUES(29,10,'change_prospectiveuser','Can change prospective user');
INSERT INTO "auth_permission" VALUES(30,10,'delete_prospectiveuser','Can delete prospective user');
INSERT INTO "auth_permission" VALUES(31,11,'add_resort','Can add resort');
INSERT INTO "auth_permission" VALUES(32,11,'change_resort','Can change resort');
INSERT INTO "auth_permission" VALUES(33,11,'delete_resort','Can delete resort');
INSERT INTO "auth_permission" VALUES(34,12,'add_continent','Can add continent');
INSERT INTO "auth_permission" VALUES(35,12,'change_continent','Can change continent');
INSERT INTO "auth_permission" VALUES(36,12,'delete_continent','Can delete continent');
CREATE TABLE "auth_user" ("id" integer NOT NULL PRIMARY KEY AUTOINCREMENT, "password" varchar(128) NOT NULL, "last_login" datetime NULL, "is_superuser" bool NOT NULL, "first_name" varchar(30) NOT NULL, "last_name" varchar(30) NOT NULL, "email" varchar(254) NOT NULL, "is_staff" bool NOT NULL, "is_active" bool NOT NULL, "date_joined" datetime NOT NULL, "username" varchar(30) NOT NULL UNIQUE);
INSERT INTO "auth_user" VALUES(1,'pbkdf2_sha256$24000$FabTJ9nV2FoO$91a8vGSe9xxWhXMn2s38ePpSdQINF6x85LY6YwH5hok=','2016-04-03 01:59:50.689506',1,'','','admin@ski.deals',1,1,'2016-03-28 04:35:04.654940','chris');
CREATE TABLE "django_session" ("session_key" varchar(40) NOT NULL PRIMARY KEY, "session_data" text NOT NULL, "expire_date" datetime NOT NULL);
INSERT INTO "django_session" VALUES('3yumzvej97yiyakqyaomygac2liqbs3r','ZmNjYzRiNjZhYzEyNWMzNzU4Zjk0Yjg3NDFlNzY3YjMxOTVjZWMzZTp7Il9hdXRoX3VzZXJfYmFja2VuZCI6ImRqYW5nby5jb250cmliLmF1dGguYmFja2VuZHMuTW9kZWxCYWNrZW5kIiwiX2F1dGhfdXNlcl9pZCI6IjEiLCJfYXV0aF91c2VyX2hhc2giOiIyNjJmMzcyMTkxOWZhODdmNmQ5ZWRjOTg0YWFiNDQzYzc4NmIwNjBiIn0=','2016-04-11 04:35:14.012453');
INSERT INTO "django_session" VALUES('fsz1dv5wpx4zgrxifhoc269dpnliao3j','ZTg4NmRjYjhmNWRlOTNjMDlmNGM4N2IyNTg4ZjA4ZmIwMmQ4ODFiOTp7Il9hdXRoX3VzZXJfaWQiOiIxIiwiX2F1dGhfdXNlcl9oYXNoIjoiMjYyZjM3MjE5MTlmYTg3ZjZkOWVkYzk4NGFhYjQ0M2M3ODZiMDYwYiIsIl9hdXRoX3VzZXJfYmFja2VuZCI6ImRqYW5nby5jb250cmliLmF1dGguYmFja2VuZHMuTW9kZWxCYWNrZW5kIn0=','2016-04-13 03:15:53.859320');
INSERT INTO "django_session" VALUES('rhfnftle1zqd0ypth8szsf3d3du2fapw','ZmNjYzRiNjZhYzEyNWMzNzU4Zjk0Yjg3NDFlNzY3YjMxOTVjZWMzZTp7Il9hdXRoX3VzZXJfYmFja2VuZCI6ImRqYW5nby5jb250cmliLmF1dGguYmFja2VuZHMuTW9kZWxCYWNrZW5kIiwiX2F1dGhfdXNlcl9pZCI6IjEiLCJfYXV0aF91c2VyX2hhc2giOiIyNjJmMzcyMTkxOWZhODdmNmQ5ZWRjOTg0YWFiNDQzYzc4NmIwNjBiIn0=','2016-04-13 16:00:52.785132');
INSERT INTO "django_session" VALUES('id6u9h7hvczvpcwjnwbjs3htj04nq4t5','ZmNjYzRiNjZhYzEyNWMzNzU4Zjk0Yjg3NDFlNzY3YjMxOTVjZWMzZTp7Il9hdXRoX3VzZXJfYmFja2VuZCI6ImRqYW5nby5jb250cmliLmF1dGguYmFja2VuZHMuTW9kZWxCYWNrZW5kIiwiX2F1dGhfdXNlcl9pZCI6IjEiLCJfYXV0aF91c2VyX2hhc2giOiIyNjJmMzcyMTkxOWZhODdmNmQ5ZWRjOTg0YWFiNDQzYzc4NmIwNjBiIn0=','2016-04-17 01:59:50.841247');
CREATE TABLE "email_collector_prospectiveuser" ("id" integer NOT NULL PRIMARY KEY AUTOINCREMENT, "name" varchar(100) NOT NULL, "timestamp" datetime NOT NULL, "updated" datetime NOT NULL, "ip_address" char(39) NOT NULL, "email" varchar(254) NOT NULL UNIQUE);
INSERT INTO "email_collector_prospectiveuser" VALUES(1,'koitaki','2016-03-28 05:22:28.241272','2016-03-28 05:22:28.241328','0.0.0.0','koitaki@gmail.com');
INSERT INTO "email_collector_prospectiveuser" VALUES(9,'richie','2016-03-28 11:11:36.626096','2016-03-28 11:11:36.626172','0.0.0.0','richie@aol.com');
INSERT INTO "email_collector_prospectiveuser" VALUES(10,'barry','2016-03-28 11:21:15.802575','2016-03-28 11:21:15.802734','0.0.0.0','barry@judbar.com');
INSERT INTO "email_collector_prospectiveuser" VALUES(11,'joe','2016-03-28 11:42:23.223389','2016-03-28 11:42:23.223553','0.0.0.0','joe@aol.com');
INSERT INTO "email_collector_prospectiveuser" VALUES(12,'jack','2016-03-28 11:44:37.592728','2016-03-28 11:44:37.592844','0.0.0.0','jack@aol.com');
INSERT INTO "email_collector_prospectiveuser" VALUES(14,'luis','2016-03-28 12:22:12.779804','2016-03-28 12:22:12.779936','0.0.0.0','luis@aol.com');
INSERT INTO "email_collector_prospectiveuser" VALUES(17,'woot','2016-03-28 13:19:50.421503','2016-03-28 13:22:13.513109','127.0.0.1','woot@it.deal');
INSERT INTO "email_collector_prospectiveuser" VALUES(18,'pommy','2016-03-28 13:22:50.377495','2016-03-28 13:22:50.520553','127.0.0.1','pommy@it.deal');
INSERT INTO "email_collector_prospectiveuser" VALUES(20,'patch','2016-03-28 13:26:34.772316','2016-03-28 13:26:34.772443','127.0.0.1','patch@it.deal');
CREATE TABLE "email_collector_continent" ("id" integer NOT NULL PRIMARY KEY AUTOINCREMENT, "name" varchar(100) NOT NULL, "slug" varchar(100) NOT NULL, "description" text NULL, "included" bool NOT NULL, "timestamp" datetime NOT NULL, "updated" datetime NOT NULL);
INSERT INTO "email_collector_continent" VALUES(1,'Asia','asia','Asia, being the earth''s largest continent, has plenty of great snowfields to suit all tastes, ranging from some of the best powder in Japan, to some of the highest mountains in the Himalayas.',1,'2016-04-03 05:46:47.336323','2016-04-03 05:46:47.336412');
INSERT INTO "email_collector_continent" VALUES(2,'Africa','africa','Africa rarely rates a mention in the world of skiing, however it does have a handful of ski resorts.   The main areas are Algeria and Morocco, although there are other small resorts in other parts of the continent that offer the enjoyment of skiing in Africa.',0,'2016-04-03 05:50:23.297730','2016-04-03 05:52:44.454550');
INSERT INTO "email_collector_continent" VALUES(3,'Antarctica','antarctica','Antarctica naturally offers potential for some of the most memorable skiing on earth, both alpine and cross country.  The two main regions in Antarctica are the inland ice cap, and the peninsula.  Inland, of course, offers extensive cross country skiing.  On the peninsula there are opportunities to ski next to massive glaciated mountains that drop steeply into the sea.',1,'2016-04-03 05:59:22.418758','2016-04-03 05:59:22.418817');
INSERT INTO "email_collector_continent" VALUES(4,'Australia & Oceania','oceania','The two skiing regions in Oceania are Australia and New Zealand.   In New Zealand, the south island in particular offers world-class skiing,  with spectacular mountain terrain, long vertical descents and substantial snow levels.  Australia''s ski regions are typically larger but flatter terrains, and offer skiing through the snow gums.',0,'2016-04-03 06:20:29.422646','2016-04-03 06:20:29.422704');
INSERT INTO "email_collector_continent" VALUES(5,'Europe','europe','',1,'2016-04-03 06:20:53.762053','2016-04-03 06:20:53.762168');
INSERT INTO "email_collector_continent" VALUES(6,'North America','north-america','',0,'2016-04-03 06:21:04.860712','2016-04-03 06:21:04.860794');
INSERT INTO "email_collector_continent" VALUES(7,'South America','south-america','',0,'2016-04-03 06:21:14.915023','2016-04-03 06:21:14.915080');
CREATE TABLE "email_collector_location" ("id" integer NOT NULL PRIMARY KEY AUTOINCREMENT, "slug" varchar(100) NOT NULL, "description" text NULL, "timestamp" datetime NOT NULL, "updated" datetime NOT NULL, "region_id" integer NOT NULL REFERENCES "email_collector_region" ("id"), "sub_location" varchar(100) NOT NULL, "name" varchar(100) NOT NULL);
INSERT INTO "email_collector_location" VALUES(1,'perisher','Perisher is located in the NSW area of the Snowy Mountains.   The resort was known as Perisher Blue until 2009 upon the almagamation of four villages, Perisher Valley, Smiggin Holes, Guthega, and Blue Cow.  Their associated ski fields covering approximately 12 square kilometres (5 sq mi), with the base elevation at 1,720 metres (5,640 ft) AHD, and the summit elevation of 2,054 metres (6,739 ft) at the top of Mount Perisher.','2016-03-28 04:40:27.810810','2016-03-28 04:40:27.810870',1,'1','Perisher');
INSERT INTO "email_collector_location" VALUES(2,'thredbo','Thredbo is a village and ski resort about 390km southwest of Sydney, in the Snowy Mountains of New South Wales, Australia.  It is about 500 kilometres south of Sydney, accessible by the Alpine Way via Cooma, Berridale, and Jindabyne. Jindabyne which is 30km away, has a population of around 4,400.

The village is built in the valley of the Thredbo River, also known as the Crackenback River, at the foot of the Ramshead Range.  Near to Thredbo is Australia''s largest mountain, Mount Kosciuszko (2219m).','2016-03-28 05:56:24.905855','2016-03-28 06:04:46.873045',1,'1','Thredbo');
INSERT INTO "email_collector_location" VALUES(3,'charlotte-pass','Charlotte Pass is situated in the heart of the NSW Snowy Mountains, about 10km away from Australia''s highest mountain, Mount Kosciuszko (2,228m).','2016-03-28 06:15:00.984812','2016-03-28 06:15:00.984864',1,'1','Charlotte Pass');
CREATE TABLE "email_collector_region" ("id" integer NOT NULL PRIMARY KEY AUTOINCREMENT, "slug" varchar(100) NOT NULL, "description" text NULL, "timestamp" datetime NOT NULL, "updated" datetime NOT NULL, "country_id" integer NOT NULL REFERENCES "email_collector_country" ("id"), "name" varchar(100) NOT NULL);
INSERT INTO "email_collector_region" VALUES(1,'snowy-mountains','The Snowy Mountains, known informally as "The Snowies", is the highest mountain range in Australia. It contains the Australian mainland''s highest mountain, Mount Kosciuszko (2,228 m or 7,310 ft). The range also contains the five highest peaks on the Australian mainland (including Mount Kosciuszko), all of which are above 2,100 m (6,890 ft). They are located in southern New South Wales and are part of the larger Australian Alps and Great Dividing Range. Unusual for Australia, the mountain range experiences large natural snowfalls every winter. Snow normally falls the most during June, July and early August. 

Kosciuszko National Park is also the location of the downhill ski slopes closest to Canberra and Sydney, containing the Thredbo, Charlotte Pass, and Perisher ski resorts.

The area was first explored by Europeans in 1835, and in 1840, Edmund Strzelecki ascended Mount Kosciuszko and named it after the Polish patriot. High country stockmen followed who used the Snowy Mountains for grazing during the summer months. Banjo Paterson''s famous poem The Man From Snowy River recalls this era. The cattle graziers have left a legacy of mountain huts scattered across the area. Today these huts are maintained by the National Parks and Wildlife Service or volunteer organisations like the Kosciuszko Huts Association.

In the 19th century gold was mined on the high plains near Kiandra. At its height this community had a population of about 4,000 people, and ran 14 hotels. Since the last resident left in 1974, Kiandra has become a ghost town of ruins and abandoned diggings.[4]

The Kosciuszko National Park came into existence as the National Chase Snowy Mountains on 5 December 1906. In 1944 this became the Kosciuszko State Park, and then the Kosciuszko National Park in 1967.[5]

Recreational skiing began at Kiandra in the 1860s and experienced a boom in the 20th century following the commencement of the construction of the Snowy Mountains Hydro-Electric Scheme between 1949 and 1976 which brought many European workers to the district and opened up access to the ranges.','2016-03-28 04:37:39.603943','2016-03-28 06:27:15.608454',14,'Snowy Mountains');
INSERT INTO "email_collector_region" VALUES(2,'ben-lomond-mountain','Ben Lomond is a mountain in the north east of Tasmania, Australia, within the Ben Lomond National Park. The mountain is composed of a central massif with an extensive plateau above 1,200 metres (3,900 ft) and high outlier peaks projecting from the mountain. The highest feature on the plateau is the unimposing summit of Legges Tor, at 1572 m, on the northern aspect of the plateau. The southern end of the plateau is dominated by Stacks Bluff, 1,527 metres (5,010 ft), which is an imposing feature that drops away to a cliffline 600 metres (2,000 ft) above the surrounding foothills. The prominent outlier peaks of Ragged Jack (1,369 metres (4,491 ft)), Mensa Moor (1,358 metres (4,455 ft)) and Tower Hill (1,122 metres (3,681 ft)) surround the plateau.[2]','2016-03-28 06:27:02.529819','2016-03-28 06:38:18.352453',14,'Ben Lomond');
INSERT INTO "email_collector_region" VALUES(3,'mount-mawson-region','Mount Mawson is situated within the Mount Field National Park in Tasmania Australia. The mountain is located 89 kilometres north west of Hobart and 232 kilometres from Launceston by road. Mount Mawson''s summit rises to 1,320 metres above sea level slightly lower than the 1,460 meters Ben Lomond ski-field in northern Tasmania.','2016-03-28 06:37:55.981566','2016-03-28 06:37:55.981626',14,'Mount Mawson');
CREATE TABLE "email_collector_resort" ("id" integer NOT NULL PRIMARY KEY AUTOINCREMENT, "name" varchar(100) NOT NULL, "slug" varchar(100) NOT NULL, "description" text NULL, "longitude" decimal NOT NULL, "latitude" decimal NOT NULL, "timestamp" datetime NOT NULL, "updated" datetime NOT NULL, "location_id" integer NOT NULL REFERENCES "email_collector_location" ("id"), "main_picture" varchar(100) NULL, "base_height" integer NULL, "halfpipes" integer NULL, "highest_lifted_point" integer NULL, "lifts_number" integer NULL, "lowest_lifted_point" integer NULL, "season_close" date NULL, "season_open" date NULL, "summit_height" integer NULL, "terrain_parks" integer NULL, "thumbnail_picture" varchar(100) NULL);
INSERT INTO "email_collector_resort" VALUES(1,'Perisher','perisher','Perisher is Australia''s largest ski resort, and also the largest in the Southern Hemisphere. The resort has some 250 snow guns 4.4 square kilometers (1.7 sq mi) of this area to artificially supplement the natural snowfall. Perisher was acquired by Vail Resorts, USA on March 30, 2015 for a sum of approximately AU$177 million.',148.3864,-36.4093,'2016-03-28 04:44:02.619015','2016-04-03 02:21:56.612515',1,'australia/perisher.jpg',1720,2,2034,47,1605,'2016-10-03','2016-06-11',2054,5,'australia/perisher_560x396.jpg');
INSERT INTO "email_collector_resort" VALUES(2,'Thredbo Alpine Village','thredbo','Thredbo is about 1450m above sea level, and during peak snow conditions, Thredbo has the longest ski runs in Australia. In summer, Thredbo is a hiking and summer sport destination, including rock climbing and abseiling, fishing and cross-country cycling, and hosts a blues music festival.  The town contains 4,000 tourist beds, but has a permanent population of only about 500 people.',148.31117,-36.49958,'2016-03-28 05:58:56.716954','2016-03-30 08:05:30.678433',2,'australia/thredbo.jpg',NULL,NULL,NULL,NULL,NULL,NULL,NULL,NULL,NULL,'australia/thredbo_560x396.jpg');
INSERT INTO "email_collector_resort" VALUES(3,'Charlotte Pass','charlotte-pass','At 1765 metres, Charlotte Pass is Australia''s highest resort, and consequently receives some of the most consistent snowfalls delivering the best quality natural snow. The resort offers ski-in ski-out accommodation and facilities. Completely snowbound at the top of Australia, Charlotte Pass is only accessible by Oversnow Transport.  Whether you’re a beginner testing out your snow legs on Easy Starter, an intermediate carving up Kosi Coaster, an experienced skier looking for adventure on Sidewinder or a hardcore rider after an adrenalin rush at Guthrie’s Chutes.',148.3388,-36.431,'2016-03-28 06:15:10.388262','2016-03-30 03:19:11.804254',3,'australia/charlotte-pass.jpg',NULL,NULL,NULL,NULL,NULL,NULL,NULL,NULL,NULL,'australia/charlotte-pass_560x396.jpg');
CREATE TABLE "email_collector_country" ("id" integer NOT NULL PRIMARY KEY AUTOINCREMENT, "name" varchar(100) NOT NULL, "slug" varchar(100) NOT NULL, "description" text NULL, "timestamp" datetime NOT NULL, "updated" datetime NOT NULL, "cc_fips" varchar(2) NULL, "cc_iso" varchar(2) NULL, "continent_id" integer NOT NULL REFERENCES "email_collector_continent" ("id"), "tld" varchar(4) NULL);
INSERT INTO "email_collector_country" VALUES(2,'Aruba','aruba',NULL,'2016-04-03 14:47:00','2016-04-03 14:47:00','AA','AW',1,'.aw');
INSERT INTO "email_collector_country" VALUES(3,'Antigua and Barbuda','antigua-and-barbuda',NULL,'2016-04-03 14:47:00','2016-04-03 14:47:00','AC','AG',1,'.ag');
INSERT INTO "email_collector_country" VALUES(4,'United Arab Emirates','united-arab-emirates',NULL,'2016-04-03 14:47:00','2016-04-03 14:47:00','AE','AE',1,'.ae');
INSERT INTO "email_collector_country" VALUES(5,'Afghanistan','afghanistan',NULL,'2016-04-03 14:47:00','2016-04-03 14:47:00','AF','AF',1,'.af');
INSERT INTO "email_collector_country" VALUES(6,'Algeria','algeria',NULL,'2016-04-03 14:47:00','2016-04-03 14:47:00','AG','DZ',1,'.dz');
INSERT INTO "email_collector_country" VALUES(7,'Azerbaijan','azerbaijan',NULL,'2016-04-03 14:47:00','2016-04-03 14:47:00','AJ','AZ',1,'.az');
INSERT INTO "email_collector_country" VALUES(8,'Albania','albania',NULL,'2016-04-03 14:47:00','2016-04-03 14:47:00','AL','AL',1,'.al');
INSERT INTO "email_collector_country" VALUES(9,'Armenia','armenia',NULL,'2016-04-03 14:47:00','2016-04-03 14:47:00','AM','AM',1,'.am');
INSERT INTO "email_collector_country" VALUES(10,'Andorra','andorra',NULL,'2016-04-03 14:47:00','2016-04-03 14:47:00','AN','AD',1,'.ad');
INSERT INTO "email_collector_country" VALUES(11,'Angola','angola',NULL,'2016-04-03 14:47:00','2016-04-03 14:47:00','AO','AO',1,'.ao');
INSERT INTO "email_collector_country" VALUES(12,'American Samoa','american-samoa',NULL,'2016-04-03 14:47:00','2016-04-03 14:47:00','AQ','AS',1,'.as');
INSERT INTO "email_collector_country" VALUES(13,'Argentina','argentina',NULL,'2016-04-03 14:47:00','2016-04-03 14:47:00','AR','AR',1,'.ar');
INSERT INTO "email_collector_country" VALUES(14,'Australia','australia','Australia''s ski regions lie on the Great Dividing Range, the main mountain range running along the east coast of Australia.  The terrain is relatively flat, lending itself more to cross country & ski touring.  Nonetheless there are a number of quite popular downhill ski resorts, mostly in the region known as the Snowy Mountains.  These are in the three states of New South Wales, Victoria and Tasmania. 

In New South Wales, the main ski fields are Perisher and Thredbo, both about three hours drive from the capital city Sydney, and about two hours from Canberra (the Australian capital city).

In Victoria, the main ski resorts are Falls Creek, Mt Hotham and Mt Buller - all about an hours drive from the capital city Melbourne.

In Tasmania, the main ski fields are Ben Lomond Ski Village and Mt Mawson, both close the city of Launceston.','2016-04-03 14:47:00','2016-04-03 06:24:16.328166','AS','AU',4,'.au');
INSERT INTO "email_collector_country" VALUES(15,'Ashmore and Cartier Islands','ashmore-and-cartier-islands',NULL,'2016-04-03 14:47:00','2016-04-03 14:47:00','AT','-',1,'-');
INSERT INTO "email_collector_country" VALUES(16,'Austria','austria',NULL,'2016-04-03 14:47:00','2016-04-03 14:47:00','AU','AT',1,'.at');
INSERT INTO "email_collector_country" VALUES(17,'Anguilla','anguilla',NULL,'2016-04-03 14:47:00','2016-04-03 14:47:00','AV','AI',1,'.ai');
INSERT INTO "email_collector_country" VALUES(18,'Åland Islands','åland-islands',NULL,'2016-04-03 14:47:00','2016-04-03 14:47:00','AX','AX',1,'.ax');
INSERT INTO "email_collector_country" VALUES(19,'Antarctica','antarctica',NULL,'2016-04-03 14:47:00','2016-04-03 14:47:00','AY','AQ',1,'.aq');
INSERT INTO "email_collector_country" VALUES(20,'Bahrain','bahrain',NULL,'2016-04-03 14:47:00','2016-04-03 14:47:00','BA','BH',1,'.bh');
INSERT INTO "email_collector_country" VALUES(21,'Barbados','barbados',NULL,'2016-04-03 14:47:00','2016-04-03 14:47:00','BB','BB',1,'.bb');
INSERT INTO "email_collector_country" VALUES(22,'Botswana','botswana',NULL,'2016-04-03 14:47:00','2016-04-03 14:47:00','BC','BW',1,'.bw');
INSERT INTO "email_collector_country" VALUES(23,'Bermuda','bermuda',NULL,'2016-04-03 14:47:00','2016-04-03 14:47:00','BD','BM',1,'.bm');
INSERT INTO "email_collector_country" VALUES(24,'Belgium','belgium',NULL,'2016-04-03 14:47:00','2016-04-03 14:47:00','BE','BE',1,'.be');
INSERT INTO "email_collector_country" VALUES(25,'Bahamas, The','bahamas',NULL,'2016-04-03 14:47:00','2016-04-03 14:47:00','BF','BS',1,'.bs');
INSERT INTO "email_collector_country" VALUES(26,'Bangladesh','bangladesh',NULL,'2016-04-03 14:47:00','2016-04-03 14:47:00','BG','BD',1,'.bd');
INSERT INTO "email_collector_country" VALUES(27,'Belize','belize',NULL,'2016-04-03 14:47:00','2016-04-03 14:47:00','BH','BZ',1,'.bz');
INSERT INTO "email_collector_country" VALUES(28,'Bosnia and Herzegovina','bosnia-and-herzegovina',NULL,'2016-04-03 14:47:00','2016-04-03 14:47:00','BK','BA',1,'.ba');
INSERT INTO "email_collector_country" VALUES(29,'Bolivia','bolivia',NULL,'2016-04-03 14:47:00','2016-04-03 14:47:00','BL','BO',1,'.bo');
INSERT INTO "email_collector_country" VALUES(30,'Myanmar','myanmar',NULL,'2016-04-03 14:47:00','2016-04-03 14:47:00','BM','MM',1,'.mm');
INSERT INTO "email_collector_country" VALUES(31,'Benin','benin',NULL,'2016-04-03 14:47:00','2016-04-03 14:47:00','BN','BJ',1,'.bj');
INSERT INTO "email_collector_country" VALUES(32,'Belarus','belarus',NULL,'2016-04-03 14:47:00','2016-04-03 14:47:00','BO','BY',1,'.by');
INSERT INTO "email_collector_country" VALUES(33,'Solomon Islands','solomon-islands',NULL,'2016-04-03 14:47:00','2016-04-03 14:47:00','BP','SB',1,'.sb');
INSERT INTO "email_collector_country" VALUES(34,'Navassa Island','navassa-island',NULL,'2016-04-03 14:47:00','2016-04-03 14:47:00','BQ','-',1,'-');
INSERT INTO "email_collector_country" VALUES(35,'Brazil','brazil',NULL,'2016-04-03 14:47:00','2016-04-03 14:47:00','BR','BR',1,'.br');
INSERT INTO "email_collector_country" VALUES(36,'Bassas da India','bassas-da-india',NULL,'2016-04-03 14:47:00','2016-04-03 14:47:00','BS','-',1,'-');
INSERT INTO "email_collector_country" VALUES(37,'Bhutan','bhutan',NULL,'2016-04-03 14:47:00','2016-04-03 14:47:00','BT','BT',1,'.bt');
INSERT INTO "email_collector_country" VALUES(38,'Bulgaria','bulgaria',NULL,'2016-04-03 14:47:00','2016-04-03 14:47:00','BU','BG',1,'.bg');
INSERT INTO "email_collector_country" VALUES(39,'Bouvet Island','bouvet-island',NULL,'2016-04-03 14:47:00','2016-04-03 14:47:00','BV','BV',1,'.bv');
INSERT INTO "email_collector_country" VALUES(40,'Brunei','brunei',NULL,'2016-04-03 14:47:00','2016-04-03 14:47:00','BX','BN',1,'.bn');
INSERT INTO "email_collector_country" VALUES(41,'Burundi','burundi',NULL,'2016-04-03 14:47:00','2016-04-03 14:47:00','BY','BI',1,'.bi');
INSERT INTO "email_collector_country" VALUES(42,'Canada','canada',NULL,'2016-04-03 14:47:00','2016-04-03 14:47:00','CA','CA',1,'.ca');
INSERT INTO "email_collector_country" VALUES(43,'Cambodia','cambodia',NULL,'2016-04-03 14:47:00','2016-04-03 14:47:00','CB','KH',1,'.kh');
INSERT INTO "email_collector_country" VALUES(44,'Chad','chad',NULL,'2016-04-03 14:47:00','2016-04-03 14:47:00','CD','TD',1,'.td');
INSERT INTO "email_collector_country" VALUES(45,'Sri Lanka','sri-lanka',NULL,'2016-04-03 14:47:00','2016-04-03 14:47:00','CE','LK',1,'.lk');
INSERT INTO "email_collector_country" VALUES(46,'Congo, Republic of the','republic-of-congo',NULL,'2016-04-03 14:47:00','2016-04-03 14:47:00','CF','CG',1,'.cg');
INSERT INTO "email_collector_country" VALUES(47,'Congo, Democratic Republic of the','democratic-republic-of-congo',NULL,'2016-04-03 14:47:00','2016-04-03 14:47:00','CG','CD',1,'.cd');
INSERT INTO "email_collector_country" VALUES(48,'China','china',NULL,'2016-04-03 14:47:00','2016-04-03 14:47:00','CH','CN',1,'.cn');
INSERT INTO "email_collector_country" VALUES(49,'Chile','chile',NULL,'2016-04-03 14:47:00','2016-04-03 14:47:00','CI','CL',1,'.cl');
INSERT INTO "email_collector_country" VALUES(50,'Cayman Islands','cayman-islands',NULL,'2016-04-03 14:47:00','2016-04-03 14:47:00','CJ','KY',1,'.ky');
INSERT INTO "email_collector_country" VALUES(51,'Cocos (Keeling) Islands','cocos-islands',NULL,'2016-04-03 14:47:00','2016-04-03 14:47:00','CK','CC',1,'.cc');
INSERT INTO "email_collector_country" VALUES(52,'Cameroon','cameroon',NULL,'2016-04-03 14:47:00','2016-04-03 14:47:00','CM','CM',1,'.cm');
INSERT INTO "email_collector_country" VALUES(53,'Comoros','comoros',NULL,'2016-04-03 14:47:00','2016-04-03 14:47:00','CN','KM',1,'.km');
INSERT INTO "email_collector_country" VALUES(54,'Colombia','colombia',NULL,'2016-04-03 14:47:00','2016-04-03 14:47:00','CO','CO',1,'.co');
INSERT INTO "email_collector_country" VALUES(55,'Northern Mariana Islands','northern-mariana-islands',NULL,'2016-04-03 14:47:00','2016-04-03 14:47:00','CQ','MP',1,'.mp');
INSERT INTO "email_collector_country" VALUES(56,'Coral Sea Islands','coral-sea-islands',NULL,'2016-04-03 14:47:00','2016-04-03 14:47:00','CR','-',1,'-');
INSERT INTO "email_collector_country" VALUES(57,'Costa Rica','costa-rica',NULL,'2016-04-03 14:47:00','2016-04-03 14:47:00','CS','CR',1,'.cr');
INSERT INTO "email_collector_country" VALUES(58,'Central African Republic','central-african-republic',NULL,'2016-04-03 14:47:00','2016-04-03 14:47:00','CT','CF',1,'.cf');
INSERT INTO "email_collector_country" VALUES(59,'Cuba','cuba',NULL,'2016-04-03 14:47:00','2016-04-03 14:47:00','CU','CU',1,'.cu');
INSERT INTO "email_collector_country" VALUES(60,'Cape Verde','cape-verde',NULL,'2016-04-03 14:47:00','2016-04-03 14:47:00','CV','CV',1,'.cv');
INSERT INTO "email_collector_country" VALUES(61,'Cook Islands','cook-islands',NULL,'2016-04-03 14:47:00','2016-04-03 14:47:00','CW','CK',1,'.ck');
INSERT INTO "email_collector_country" VALUES(62,'Cyprus','cyprus',NULL,'2016-04-03 14:47:00','2016-04-03 14:47:00','CY','CY',1,'.cy');
INSERT INTO "email_collector_country" VALUES(63,'Denmark','denmark',NULL,'2016-04-03 14:47:00','2016-04-03 14:47:00','DA','DK',1,'.dk');
INSERT INTO "email_collector_country" VALUES(64,'Djibouti','djibouti',NULL,'2016-04-03 14:47:00','2016-04-03 14:47:00','DJ','DJ',1,'.dj');
INSERT INTO "email_collector_country" VALUES(65,'Dominica','dominica',NULL,'2016-04-03 14:47:00','2016-04-03 14:47:00','DO','DM',1,'.dm');
INSERT INTO "email_collector_country" VALUES(66,'Jarvis Island','jarvis-island',NULL,'2016-04-03 14:47:00','2016-04-03 14:47:00','DQ','UM',1,'-');
INSERT INTO "email_collector_country" VALUES(67,'Dominican Republic','dominican-republic',NULL,'2016-04-03 14:47:00','2016-04-03 14:47:00','DR','DO',1,'.do');
INSERT INTO "email_collector_country" VALUES(68,'Dhekelia Sovereign Base Area','dhekelia-sovereign-base-area',NULL,'2016-04-03 14:47:00','2016-04-03 14:47:00','DX','-',1,'-');
INSERT INTO "email_collector_country" VALUES(69,'Ecuador','ecuador',NULL,'2016-04-03 14:47:00','2016-04-03 14:47:00','EC','EC',1,'.ec');
INSERT INTO "email_collector_country" VALUES(70,'Egypt','egypt',NULL,'2016-04-03 14:47:00','2016-04-03 14:47:00','EG','EG',1,'.eg');
INSERT INTO "email_collector_country" VALUES(71,'Ireland','ireland',NULL,'2016-04-03 14:47:00','2016-04-03 14:47:00','EI','IE',1,'.ie');
INSERT INTO "email_collector_country" VALUES(72,'Equatorial Guinea','equatorial-guinea',NULL,'2016-04-03 14:47:00','2016-04-03 14:47:00','EK','GQ',1,'.gq');
INSERT INTO "email_collector_country" VALUES(73,'Estonia','estonia',NULL,'2016-04-03 14:47:00','2016-04-03 14:47:00','EN','EE',1,'.ee');
INSERT INTO "email_collector_country" VALUES(74,'Eritrea','eritrea',NULL,'2016-04-03 14:47:00','2016-04-03 14:47:00','ER','ER',1,'.er');
INSERT INTO "email_collector_country" VALUES(75,'El Salvador','el-salvador',NULL,'2016-04-03 14:47:00','2016-04-03 14:47:00','ES','SV',1,'.sv');
INSERT INTO "email_collector_country" VALUES(76,'Ethiopia','ethiopia',NULL,'2016-04-03 14:47:00','2016-04-03 14:47:00','ET','ET',1,'.et');
INSERT INTO "email_collector_country" VALUES(77,'Europa Island','europa-island',NULL,'2016-04-03 14:47:00','2016-04-03 14:47:00','EU','-',1,'-');
INSERT INTO "email_collector_country" VALUES(78,'Czech Republic','czech-republic',NULL,'2016-04-03 14:47:00','2016-04-03 14:47:00','EZ','CZ',1,'.cz');
INSERT INTO "email_collector_country" VALUES(79,'French Guiana','french-guiana',NULL,'2016-04-03 14:47:00','2016-04-03 14:47:00','FG','GF',1,'.gf');
INSERT INTO "email_collector_country" VALUES(80,'Finland','finland',NULL,'2016-04-03 14:47:00','2016-04-03 14:47:00','FI','FI',1,'.fi');
INSERT INTO "email_collector_country" VALUES(81,'Fiji','fiji',NULL,'2016-04-03 14:47:00','2016-04-03 14:47:00','FJ','FJ',1,'.fj');
INSERT INTO "email_collector_country" VALUES(82,'Falkland Islands (Islas Malvinas)','falkland-islands',NULL,'2016-04-03 14:47:00','2016-04-03 14:47:00','FK','FK',1,'.fk');
INSERT INTO "email_collector_country" VALUES(83,'Micronesia, Federated States of','micronesia',NULL,'2016-04-03 14:47:00','2016-04-03 14:47:00','FM','FM',1,'.fm');
INSERT INTO "email_collector_country" VALUES(84,'Faroe Islands','faroe-islands',NULL,'2016-04-03 14:47:00','2016-04-03 14:47:00','FO','FO',1,'.fo');
INSERT INTO "email_collector_country" VALUES(85,'French Polynesia','french-polynesia',NULL,'2016-04-03 14:47:00','2016-04-03 14:47:00','FP','PF',1,'.pf');
INSERT INTO "email_collector_country" VALUES(86,'Baker Island','baker-island',NULL,'2016-04-03 14:47:00','2016-04-03 14:47:00','FQ','UM',1,'-');
INSERT INTO "email_collector_country" VALUES(87,'France','france',NULL,'2016-04-03 14:47:00','2016-04-03 14:47:00','FR','FR',1,'.fr');
INSERT INTO "email_collector_country" VALUES(88,'French Southern and Antarctic Lands','french-southern-and-antarctic-lands',NULL,'2016-04-03 14:47:00','2016-04-03 14:47:00','FS','TF',1,'.tf');
INSERT INTO "email_collector_country" VALUES(89,'Gambia, The','gambia',NULL,'2016-04-03 14:47:00','2016-04-03 14:47:00','GA','GM',1,'.gm');
INSERT INTO "email_collector_country" VALUES(90,'Gabon','gabon',NULL,'2016-04-03 14:47:00','2016-04-03 14:47:00','GB','GA',1,'.ga');
INSERT INTO "email_collector_country" VALUES(91,'Georgia','georgia',NULL,'2016-04-03 14:47:00','2016-04-03 14:47:00','GG','GE',1,'.ge');
INSERT INTO "email_collector_country" VALUES(92,'Ghana','ghana',NULL,'2016-04-03 14:47:00','2016-04-03 14:47:00','GH','GH',1,'.gh');
INSERT INTO "email_collector_country" VALUES(93,'Gibraltar','gibraltar',NULL,'2016-04-03 14:47:00','2016-04-03 14:47:00','GI','GI',1,'.gi');
INSERT INTO "email_collector_country" VALUES(94,'Grenada','grenada',NULL,'2016-04-03 14:47:00','2016-04-03 14:47:00','GJ','GD',1,'.gd');
INSERT INTO "email_collector_country" VALUES(95,'Guernsey','guernsey',NULL,'2016-04-03 14:47:00','2016-04-03 14:47:00','GK','-',1,'.gg');
INSERT INTO "email_collector_country" VALUES(96,'Greenland','greenland',NULL,'2016-04-03 14:47:00','2016-04-03 14:47:00','GL','GL',1,'.gl');
INSERT INTO "email_collector_country" VALUES(97,'Germany','germany',NULL,'2016-04-03 14:47:00','2016-04-03 14:47:00','GM','DE',1,'.de');
INSERT INTO "email_collector_country" VALUES(98,'Glorioso Islands','glorioso-islands',NULL,'2016-04-03 14:47:00','2016-04-03 14:47:00','GO','-',1,'-');
INSERT INTO "email_collector_country" VALUES(99,'Guadeloupe','guadeloupe',NULL,'2016-04-03 14:47:00','2016-04-03 14:47:00','GP','GP',1,'.gp');
INSERT INTO "email_collector_country" VALUES(100,'Guam','guam',NULL,'2016-04-03 14:47:00','2016-04-03 14:47:00','GQ','GU',1,'.gu');
INSERT INTO "email_collector_country" VALUES(101,'Greece','greece',NULL,'2016-04-03 14:47:00','2016-04-03 14:47:00','GR','GR',1,'.gr');
INSERT INTO "email_collector_country" VALUES(102,'Guatemala','guatemala',NULL,'2016-04-03 14:47:00','2016-04-03 14:47:00','GT','GT',1,'.gt');
INSERT INTO "email_collector_country" VALUES(103,'Guinea','guinea',NULL,'2016-04-03 14:47:00','2016-04-03 14:47:00','GV','GN',1,'.gn');
INSERT INTO "email_collector_country" VALUES(104,'Guyana','guyana',NULL,'2016-04-03 14:47:00','2016-04-03 14:47:00','GY','GY',1,'.gy');
INSERT INTO "email_collector_country" VALUES(105,'Gaza Strip','gaza-strip',NULL,'2016-04-03 14:47:00','2016-04-03 14:47:00','GZ','-',1,'-');
INSERT INTO "email_collector_country" VALUES(106,'Haiti','haiti',NULL,'2016-04-03 14:47:00','2016-04-03 14:47:00','HA','HT',1,'.ht');
INSERT INTO "email_collector_country" VALUES(107,'Hong Kong','hong-kong',NULL,'2016-04-03 14:47:00','2016-04-03 14:47:00','HK','HK',1,'.hk');
INSERT INTO "email_collector_country" VALUES(108,'Heard Island and McDonald Islands','heard-island-and-mcdonald-islands',NULL,'2016-04-03 14:47:00','2016-04-03 14:47:00','HM','HM',1,'.hm');
INSERT INTO "email_collector_country" VALUES(109,'Honduras','honduras',NULL,'2016-04-03 14:47:00','2016-04-03 14:47:00','HO','HN',1,'.hn');
INSERT INTO "email_collector_country" VALUES(110,'Howland Island','howland-island',NULL,'2016-04-03 14:47:00','2016-04-03 14:47:00','HQ','UM',1,'-');
INSERT INTO "email_collector_country" VALUES(111,'Croatia','croatia',NULL,'2016-04-03 14:47:00','2016-04-03 14:47:00','HR','HR',1,'.hr');
INSERT INTO "email_collector_country" VALUES(112,'Hungary','hungary',NULL,'2016-04-03 14:47:00','2016-04-03 14:47:00','HU','HU',1,'.hu');
INSERT INTO "email_collector_country" VALUES(113,'Iceland','iceland',NULL,'2016-04-03 14:47:00','2016-04-03 14:47:00','IC','IS',1,'.is');
INSERT INTO "email_collector_country" VALUES(114,'Indonesia','indonesia',NULL,'2016-04-03 14:47:00','2016-04-03 14:47:00','ID','ID',1,'.id');
INSERT INTO "email_collector_country" VALUES(115,'Isle of Man','isle-of-man',NULL,'2016-04-03 14:47:00','2016-04-03 14:47:00','IM','IM',1,'.im');
INSERT INTO "email_collector_country" VALUES(116,'India','india',NULL,'2016-04-03 14:47:00','2016-04-03 14:47:00','IN','IN',1,'.in');
INSERT INTO "email_collector_country" VALUES(117,'British Indian Ocean Territory','british-indian-ocean-territory',NULL,'2016-04-03 14:47:00','2016-04-03 14:47:00','IO','IO',1,'.io');
INSERT INTO "email_collector_country" VALUES(118,'Clipperton Island','clipperton-island',NULL,'2016-04-03 14:47:00','2016-04-03 14:47:00','IP','-',1,'-');
INSERT INTO "email_collector_country" VALUES(119,'Iran','iran',NULL,'2016-04-03 14:47:00','2016-04-03 14:47:00','IR','IR',1,'.ir');
INSERT INTO "email_collector_country" VALUES(120,'Israel','israel',NULL,'2016-04-03 14:47:00','2016-04-03 14:47:00','IS','IL',1,'.il');
INSERT INTO "email_collector_country" VALUES(121,'Italy','italy',NULL,'2016-04-03 14:47:00','2016-04-03 14:47:00','IT','IT',1,'.it');
INSERT INTO "email_collector_country" VALUES(122,'Cote d''Ivoire','cote-d-ivoire',NULL,'2016-04-03 14:47:00','2016-04-03 14:47:00','IV','CI',1,'.ci');
INSERT INTO "email_collector_country" VALUES(123,'Iraq','iraq',NULL,'2016-04-03 14:47:00','2016-04-03 14:47:00','IZ','IQ',1,'.iq');
INSERT INTO "email_collector_country" VALUES(124,'Japan','japan',NULL,'2016-04-03 14:47:00','2016-04-03 14:47:00','JA','JP',1,'.jp');
INSERT INTO "email_collector_country" VALUES(125,'Jersey','jersey',NULL,'2016-04-03 14:47:00','2016-04-03 14:47:00','JE','JE',1,'.je');
INSERT INTO "email_collector_country" VALUES(126,'Jamaica','jamaica',NULL,'2016-04-03 14:47:00','2016-04-03 14:47:00','JM','JM',1,'.jm');
INSERT INTO "email_collector_country" VALUES(127,'Jan Mayen','jan-mayen',NULL,'2016-04-03 14:47:00','2016-04-03 14:47:00','JN','SJ',1,'-');
INSERT INTO "email_collector_country" VALUES(128,'Jordan','jordan',NULL,'2016-04-03 14:47:00','2016-04-03 14:47:00','JO','JO',1,'.jo');
INSERT INTO "email_collector_country" VALUES(129,'Johnston Atoll','johnston-atoll',NULL,'2016-04-03 14:47:00','2016-04-03 14:47:00','JQ','UM',1,'-');
INSERT INTO "email_collector_country" VALUES(130,'Juan de Nova Island','juan-de-nova-island',NULL,'2016-04-03 14:47:00','2016-04-03 14:47:00','JU','-',1,'-');
INSERT INTO "email_collector_country" VALUES(131,'Kenya','kenya',NULL,'2016-04-03 14:47:00','2016-04-03 14:47:00','KE','KE',1,'.ke');
INSERT INTO "email_collector_country" VALUES(132,'Kyrgyzstan','kyrgyzstan',NULL,'2016-04-03 14:47:00','2016-04-03 14:47:00','KG','KG',1,'.kg');
INSERT INTO "email_collector_country" VALUES(133,'Korea, North','korea,-north',NULL,'2016-04-03 14:47:00','2016-04-03 14:47:00','KN','KP',1,'.kp');
INSERT INTO "email_collector_country" VALUES(134,'Kingman Reef','kingman-reef',NULL,'2016-04-03 14:47:00','2016-04-03 14:47:00','KQ','UM',1,'-');
INSERT INTO "email_collector_country" VALUES(135,'Kiribati','kiribati',NULL,'2016-04-03 14:47:00','2016-04-03 14:47:00','KR','KI',1,'.ki');
INSERT INTO "email_collector_country" VALUES(136,'Korea, South','south-korea',NULL,'2016-04-03 14:47:00','2016-04-03 14:47:00','KS','KR',1,'.kr');
INSERT INTO "email_collector_country" VALUES(137,'Christmas Island','christmas-island',NULL,'2016-04-03 14:47:00','2016-04-03 14:47:00','KT','CX',1,'.cx');
INSERT INTO "email_collector_country" VALUES(138,'Kuwait','kuwait',NULL,'2016-04-03 14:47:00','2016-04-03 14:47:00','KU','KW',1,'.kw');
INSERT INTO "email_collector_country" VALUES(139,'Kosovo','kosovo',NULL,'2016-04-03 14:47:00','2016-04-03 14:47:00','KV','KV',1,'-');
INSERT INTO "email_collector_country" VALUES(140,'Kazakhstan','kazakhstan',NULL,'2016-04-03 14:47:00','2016-04-03 14:47:00','KZ','KZ',1,'.kz');
INSERT INTO "email_collector_country" VALUES(141,'Laos','laos',NULL,'2016-04-03 14:47:00','2016-04-03 14:47:00','LA','LA',1,'.la');
INSERT INTO "email_collector_country" VALUES(142,'Lebanon','lebanon',NULL,'2016-04-03 14:47:00','2016-04-03 14:47:00','LE','LB',1,'.lb');
INSERT INTO "email_collector_country" VALUES(143,'Latvia','latvia',NULL,'2016-04-03 14:47:00','2016-04-03 14:47:00','LG','LV',1,'.lv');
INSERT INTO "email_collector_country" VALUES(144,'Lithuania','lithuania',NULL,'2016-04-03 14:47:00','2016-04-03 14:47:00','LH','LT',1,'.lt');
INSERT INTO "email_collector_country" VALUES(145,'Liberia','liberia',NULL,'2016-04-03 14:47:00','2016-04-03 14:47:00','LI','LR',1,'.lr');
INSERT INTO "email_collector_country" VALUES(146,'Slovakia','slovakia',NULL,'2016-04-03 14:47:00','2016-04-03 14:47:00','LO','SK',1,'.sk');
INSERT INTO "email_collector_country" VALUES(147,'Palmyra Atoll','palmyra-atoll',NULL,'2016-04-03 14:47:00','2016-04-03 14:47:00','LQ','UM',1,'-');
INSERT INTO "email_collector_country" VALUES(148,'Liechtenstein','liechtenstein',NULL,'2016-04-03 14:47:00','2016-04-03 14:47:00','LS','LI',1,'.li');
INSERT INTO "email_collector_country" VALUES(149,'Lesotho','lesotho',NULL,'2016-04-03 14:47:00','2016-04-03 14:47:00','LT','LS',1,'.ls');
INSERT INTO "email_collector_country" VALUES(150,'Luxembourg','luxembourg',NULL,'2016-04-03 14:47:00','2016-04-03 14:47:00','LU','LU',1,'.lu');
INSERT INTO "email_collector_country" VALUES(151,'Libyan Arab','libyan-arab',NULL,'2016-04-03 14:47:00','2016-04-03 14:47:00','LY','LY',1,'.ly');
INSERT INTO "email_collector_country" VALUES(152,'Madagascar','madagascar',NULL,'2016-04-03 14:47:00','2016-04-03 14:47:00','MA','MG',1,'.mg');
INSERT INTO "email_collector_country" VALUES(153,'Martinique','martinique',NULL,'2016-04-03 14:47:00','2016-04-03 14:47:00','MB','MQ',1,'.mq');
INSERT INTO "email_collector_country" VALUES(154,'Macau','macau',NULL,'2016-04-03 14:47:00','2016-04-03 14:47:00','MC','MO',1,'.mo');
INSERT INTO "email_collector_country" VALUES(155,'Moldova, Republic of','moldova',NULL,'2016-04-03 14:47:00','2016-04-03 14:47:00','MD','MD',1,'.md');
INSERT INTO "email_collector_country" VALUES(156,'Mayotte','mayotte',NULL,'2016-04-03 14:47:00','2016-04-03 14:47:00','MF','YT',1,'.yt');
INSERT INTO "email_collector_country" VALUES(157,'Mongolia','mongolia',NULL,'2016-04-03 14:47:00','2016-04-03 14:47:00','MG','MN',1,'.mn');
INSERT INTO "email_collector_country" VALUES(158,'Montserrat','montserrat',NULL,'2016-04-03 14:47:00','2016-04-03 14:47:00','MH','MS',1,'.ms');
INSERT INTO "email_collector_country" VALUES(159,'Malawi','malawi',NULL,'2016-04-03 14:47:00','2016-04-03 14:47:00','MI','MW',1,'.mw');
INSERT INTO "email_collector_country" VALUES(160,'Montenegro','montenegro',NULL,'2016-04-03 14:47:00','2016-04-03 14:47:00','MJ','ME',1,'.me');
INSERT INTO "email_collector_country" VALUES(161,'The Former Yugoslav Republic of Macedonia','macedonia',NULL,'2016-04-03 14:47:00','2016-04-03 14:47:00','MK','MK',1,'.mk');
INSERT INTO "email_collector_country" VALUES(162,'Mali','mali',NULL,'2016-04-03 14:47:00','2016-04-03 14:47:00','ML','ML',1,'.ml');
INSERT INTO "email_collector_country" VALUES(163,'Monaco','monaco',NULL,'2016-04-03 14:47:00','2016-04-03 14:47:00','MN','MC',1,'.mc');
INSERT INTO "email_collector_country" VALUES(164,'Morocco','morocco',NULL,'2016-04-03 14:47:00','2016-04-03 14:47:00','MO','MA',1,'.ma');
INSERT INTO "email_collector_country" VALUES(165,'Mauritius','mauritius',NULL,'2016-04-03 14:47:00','2016-04-03 14:47:00','MP','MU',1,'.mu');
INSERT INTO "email_collector_country" VALUES(166,'Midway Islands','midway-islands',NULL,'2016-04-03 14:47:00','2016-04-03 14:47:00','MQ','UM',1,'-');
INSERT INTO "email_collector_country" VALUES(167,'Mauritania','mauritania',NULL,'2016-04-03 14:47:00','2016-04-03 14:47:00','MR','MR',1,'.mr');
INSERT INTO "email_collector_country" VALUES(168,'Malta','malta',NULL,'2016-04-03 14:47:00','2016-04-03 14:47:00','MT','MT',1,'.mt');
INSERT INTO "email_collector_country" VALUES(169,'Oman','oman',NULL,'2016-04-03 14:47:00','2016-04-03 14:47:00','MU','OM',1,'.om');
INSERT INTO "email_collector_country" VALUES(170,'Maldives','maldives',NULL,'2016-04-03 14:47:00','2016-04-03 14:47:00','MV','MV',1,'.mv');
INSERT INTO "email_collector_country" VALUES(171,'Mexico','mexico',NULL,'2016-04-03 14:47:00','2016-04-03 14:47:00','MX','MX',1,'.mx');
INSERT INTO "email_collector_country" VALUES(172,'Malaysia','malaysia',NULL,'2016-04-03 14:47:00','2016-04-03 14:47:00','MY','MY',1,'.my');
INSERT INTO "email_collector_country" VALUES(173,'Mozambique','mozambique',NULL,'2016-04-03 14:47:00','2016-04-03 14:47:00','MZ','MZ',1,'.mz');
INSERT INTO "email_collector_country" VALUES(174,'New Caledonia','new-caledonia',NULL,'2016-04-03 14:47:00','2016-04-03 14:47:00','NC','NC',1,'.nc');
INSERT INTO "email_collector_country" VALUES(175,'Niue','niue',NULL,'2016-04-03 14:47:00','2016-04-03 14:47:00','NE','NU',1,'.nu');
INSERT INTO "email_collector_country" VALUES(176,'Norfolk Island','norfolk-island',NULL,'2016-04-03 14:47:00','2016-04-03 14:47:00','NF','NF',1,'.nf');
INSERT INTO "email_collector_country" VALUES(177,'Niger','niger',NULL,'2016-04-03 14:47:00','2016-04-03 14:47:00','NG','NE',1,'.ne');
INSERT INTO "email_collector_country" VALUES(178,'Vanuatu','vanuatu',NULL,'2016-04-03 14:47:00','2016-04-03 14:47:00','NH','VU',1,'.vu');
INSERT INTO "email_collector_country" VALUES(179,'Nigeria','nigeria',NULL,'2016-04-03 14:47:00','2016-04-03 14:47:00','NI','NG',1,'.ng');
INSERT INTO "email_collector_country" VALUES(180,'Netherlands','netherlands',NULL,'2016-04-03 14:47:00','2016-04-03 14:47:00','NL','NL',1,'.nl');
INSERT INTO "email_collector_country" VALUES(181,'Norway','norway',NULL,'2016-04-03 14:47:00','2016-04-03 14:47:00','NO','NO',1,'.no');
INSERT INTO "email_collector_country" VALUES(182,'Nepal','nepal',NULL,'2016-04-03 14:47:00','2016-04-03 14:47:00','NP','NP',1,'.np');
INSERT INTO "email_collector_country" VALUES(183,'Nauru','nauru',NULL,'2016-04-03 14:47:00','2016-04-03 14:47:00','NR','NR',1,'.nr');
INSERT INTO "email_collector_country" VALUES(184,'Suriname','suriname',NULL,'2016-04-03 14:47:00','2016-04-03 14:47:00','NS','SR',1,'.sr');
INSERT INTO "email_collector_country" VALUES(185,'Netherlands Antilles','netherlands-antilles',NULL,'2016-04-03 14:47:00','2016-04-03 14:47:00','NT','AN',1,'.an');
INSERT INTO "email_collector_country" VALUES(186,'Nicaragua','nicaragua',NULL,'2016-04-03 14:47:00','2016-04-03 14:47:00','NU','NI',1,'.ni');
INSERT INTO "email_collector_country" VALUES(187,'New Zealand','new-zealand',NULL,'2016-04-03 14:47:00','2016-04-03 14:47:00','NZ','NZ',1,'.nz');
INSERT INTO "email_collector_country" VALUES(188,'Paraguay','paraguay',NULL,'2016-04-03 14:47:00','2016-04-03 14:47:00','PA','PY',1,'.py');
INSERT INTO "email_collector_country" VALUES(189,'Pitcairn Islands','pitcairn-islands',NULL,'2016-04-03 14:47:00','2016-04-03 14:47:00','PC','PN',1,'.pn');
INSERT INTO "email_collector_country" VALUES(190,'Peru','peru',NULL,'2016-04-03 14:47:00','2016-04-03 14:47:00','PE','PE',1,'.pe');
INSERT INTO "email_collector_country" VALUES(191,'Paracel Islands','paracel-islands',NULL,'2016-04-03 14:47:00','2016-04-03 14:47:00','PF','-',1,'-');
INSERT INTO "email_collector_country" VALUES(192,'Spratly Islands','spratly-islands',NULL,'2016-04-03 14:47:00','2016-04-03 14:47:00','PG','-',1,'-');
INSERT INTO "email_collector_country" VALUES(193,'Pakistan','pakistan',NULL,'2016-04-03 14:47:00','2016-04-03 14:47:00','PK','PK',1,'.pk');
INSERT INTO "email_collector_country" VALUES(194,'Poland','poland',NULL,'2016-04-03 14:47:00','2016-04-03 14:47:00','PL','PL',1,'.pl');
INSERT INTO "email_collector_country" VALUES(195,'Panama','panama',NULL,'2016-04-03 14:47:00','2016-04-03 14:47:00','PM','PA',1,'.pa');
INSERT INTO "email_collector_country" VALUES(196,'Portugal','portugal',NULL,'2016-04-03 14:47:00','2016-04-03 14:47:00','PO','PT',1,'.pt');
INSERT INTO "email_collector_country" VALUES(197,'Papua New Guinea','papua-new-guinea',NULL,'2016-04-03 14:47:00','2016-04-03 14:47:00','PP','PG',1,'.pg');
INSERT INTO "email_collector_country" VALUES(198,'Palau','palau',NULL,'2016-04-03 14:47:00','2016-04-03 14:47:00','PS','PW',1,'.pw');
INSERT INTO "email_collector_country" VALUES(199,'Guinea-Bissau','guinea-bissau',NULL,'2016-04-03 14:47:00','2016-04-03 14:47:00','PU','GW',1,'.gw');
INSERT INTO "email_collector_country" VALUES(200,'Qatar','qatar',NULL,'2016-04-03 14:47:00','2016-04-03 14:47:00','QA','QA',1,'.qa');
INSERT INTO "email_collector_country" VALUES(201,'Reunion','reunion',NULL,'2016-04-03 14:47:00','2016-04-03 14:47:00','RE','RE',1,'.re');
INSERT INTO "email_collector_country" VALUES(202,'Serbia','serbia',NULL,'2016-04-03 14:47:00','2016-04-03 14:47:00','RI','RS',1,'.rs');
INSERT INTO "email_collector_country" VALUES(203,'Marshall Islands','marshall-islands',NULL,'2016-04-03 14:47:00','2016-04-03 14:47:00','RM','MH',1,'.mh');
INSERT INTO "email_collector_country" VALUES(204,'Saint Martin','saint-martin',NULL,'2016-04-03 14:47:00','2016-04-03 14:47:00','RN','MF',1,'-');
INSERT INTO "email_collector_country" VALUES(205,'Romania','romania',NULL,'2016-04-03 14:47:00','2016-04-03 14:47:00','RO','RO',1,'.ro');
INSERT INTO "email_collector_country" VALUES(206,'Philippines','philippines',NULL,'2016-04-03 14:47:00','2016-04-03 14:47:00','RP','PH',1,'.ph');
INSERT INTO "email_collector_country" VALUES(207,'Puerto Rico','puerto-rico',NULL,'2016-04-03 14:47:00','2016-04-03 14:47:00','RQ','PR',1,'.pr');
INSERT INTO "email_collector_country" VALUES(208,'Russia','russia',NULL,'2016-04-03 14:47:00','2016-04-03 14:47:00','RS','RU',1,'.ru');
INSERT INTO "email_collector_country" VALUES(209,'Rwanda','rwanda',NULL,'2016-04-03 14:47:00','2016-04-03 14:47:00','RW','RW',1,'.rw');
INSERT INTO "email_collector_country" VALUES(210,'Saudi Arabia','saudi-arabia',NULL,'2016-04-03 14:47:00','2016-04-03 14:47:00','SA','SA',1,'.sa');
INSERT INTO "email_collector_country" VALUES(211,'Saint Pierre and Miquelon','saint-pierre-and-miquelon',NULL,'2016-04-03 14:47:00','2016-04-03 14:47:00','SB','PM',1,'.pm');
INSERT INTO "email_collector_country" VALUES(212,'Saint Kitts and Nevis','saint-kitts-and-nevis',NULL,'2016-04-03 14:47:00','2016-04-03 14:47:00','SC','KN',1,'.kn');
INSERT INTO "email_collector_country" VALUES(213,'Seychelles','seychelles',NULL,'2016-04-03 14:47:00','2016-04-03 14:47:00','SE','SC',1,'.sc');
INSERT INTO "email_collector_country" VALUES(214,'South Africa','south-africa',NULL,'2016-04-03 14:47:00','2016-04-03 14:47:00','SF','ZA',1,'.za');
INSERT INTO "email_collector_country" VALUES(215,'Senegal','senegal',NULL,'2016-04-03 14:47:00','2016-04-03 14:47:00','SG','SN',1,'.sn');
INSERT INTO "email_collector_country" VALUES(216,'Saint Helena','saint-helena',NULL,'2016-04-03 14:47:00','2016-04-03 14:47:00','SH','SH',1,'.sh');
INSERT INTO "email_collector_country" VALUES(217,'Slovenia','slovenia',NULL,'2016-04-03 14:47:00','2016-04-03 14:47:00','SI','SI',1,'.si');
INSERT INTO "email_collector_country" VALUES(218,'Sierra Leone','sierra-leone',NULL,'2016-04-03 14:47:00','2016-04-03 14:47:00','SL','SL',1,'.sl');
INSERT INTO "email_collector_country" VALUES(219,'San Marino','san-marino',NULL,'2016-04-03 14:47:00','2016-04-03 14:47:00','SM','SM',1,'.sm');
INSERT INTO "email_collector_country" VALUES(220,'Singapore','singapore',NULL,'2016-04-03 14:47:00','2016-04-03 14:47:00','SN','SG',1,'.sg');
INSERT INTO "email_collector_country" VALUES(221,'Somalia','somalia',NULL,'2016-04-03 14:47:00','2016-04-03 14:47:00','SO','SO',1,'.so');
INSERT INTO "email_collector_country" VALUES(222,'Spain','spain',NULL,'2016-04-03 14:47:00','2016-04-03 14:47:00','SP','ES',1,'.es');
INSERT INTO "email_collector_country" VALUES(223,'Saint Lucia','saint-lucia',NULL,'2016-04-03 14:47:00','2016-04-03 14:47:00','ST','LC',1,'.lc');
INSERT INTO "email_collector_country" VALUES(224,'Sudan','sudan',NULL,'2016-04-03 14:47:00','2016-04-03 14:47:00','SU','SD',1,'.sd');
INSERT INTO "email_collector_country" VALUES(225,'Svalbard','svalbard',NULL,'2016-04-03 14:47:00','2016-04-03 14:47:00','SV','SJ',1,'.sj');
INSERT INTO "email_collector_country" VALUES(226,'Sweden','sweden',NULL,'2016-04-03 14:47:00','2016-04-03 14:47:00','SW','SE',1,'.se');
INSERT INTO "email_collector_country" VALUES(227,'South Georgia and the Islands','south-georgia',NULL,'2016-04-03 14:47:00','2016-04-03 14:47:00','SX','GS',1,'.gs');
INSERT INTO "email_collector_country" VALUES(228,'Syrian Arab Republic','syrian-arab-republic',NULL,'2016-04-03 14:47:00','2016-04-03 14:47:00','SY','SY',1,'.sy');
INSERT INTO "email_collector_country" VALUES(229,'Switzerland','switzerland',NULL,'2016-04-03 14:47:00','2016-04-03 14:47:00','SZ','CH',1,'.ch');
INSERT INTO "email_collector_country" VALUES(230,'Trinidad and Tobago','trinidad-and-tobago',NULL,'2016-04-03 14:47:00','2016-04-03 14:47:00','TD','TT',1,'.tt');
INSERT INTO "email_collector_country" VALUES(231,'Tromelin Island','tromelin-island',NULL,'2016-04-03 14:47:00','2016-04-03 14:47:00','TE','-',1,'-');
INSERT INTO "email_collector_country" VALUES(232,'Thailand','thailand',NULL,'2016-04-03 14:47:00','2016-04-03 14:47:00','TH','TH',1,'.th');
INSERT INTO "email_collector_country" VALUES(233,'Tajikistan','tajikistan',NULL,'2016-04-03 14:47:00','2016-04-03 14:47:00','TI','TJ',1,'.tj');
INSERT INTO "email_collector_country" VALUES(234,'Turks and Caicos Islands','turks-and-caicos-islands',NULL,'2016-04-03 14:47:00','2016-04-03 14:47:00','TK','TC',1,'.tc');
INSERT INTO "email_collector_country" VALUES(235,'Tokelau','tokelau',NULL,'2016-04-03 14:47:00','2016-04-03 14:47:00','TL','TK',1,'.tk');
INSERT INTO "email_collector_country" VALUES(236,'Tonga','tonga',NULL,'2016-04-03 14:47:00','2016-04-03 14:47:00','TN','TO',1,'.to');
INSERT INTO "email_collector_country" VALUES(237,'Togo','togo',NULL,'2016-04-03 14:47:00','2016-04-03 14:47:00','TO','TG',1,'.tg');
INSERT INTO "email_collector_country" VALUES(238,'Sao Tome and Principe','sao-tome-and-principe',NULL,'2016-04-03 14:47:00','2016-04-03 14:47:00','TP','ST',1,'.st');
INSERT INTO "email_collector_country" VALUES(239,'Tunisia','tunisia',NULL,'2016-04-03 14:47:00','2016-04-03 14:47:00','TS','TN',1,'.tn');
INSERT INTO "email_collector_country" VALUES(240,'East Timor','east-timor',NULL,'2016-04-03 14:47:00','2016-04-03 14:47:00','TT','TL',1,'.tl');
INSERT INTO "email_collector_country" VALUES(241,'Turkey','turkey',NULL,'2016-04-03 14:47:00','2016-04-03 14:47:00','TU','TR',1,'.tr');
INSERT INTO "email_collector_country" VALUES(242,'Tuvalu','tuvalu',NULL,'2016-04-03 14:47:00','2016-04-03 14:47:00','TV','TV',1,'.tv');
INSERT INTO "email_collector_country" VALUES(243,'Taiwan','taiwan',NULL,'2016-04-03 14:47:00','2016-04-03 14:47:00','TW','TW',1,'.tw');
INSERT INTO "email_collector_country" VALUES(244,'Turkmenistan','turkmenistan',NULL,'2016-04-03 14:47:00','2016-04-03 14:47:00','TX','TM',1,'.tm');
INSERT INTO "email_collector_country" VALUES(245,'Tanzania, United Republic of','tanzania',NULL,'2016-04-03 14:47:00','2016-04-03 14:47:00','TZ','TZ',1,'.tz');
INSERT INTO "email_collector_country" VALUES(246,'Uganda','uganda',NULL,'2016-04-03 14:47:00','2016-04-03 14:47:00','UG','UG',1,'.ug');
INSERT INTO "email_collector_country" VALUES(247,'United Kingdom','united-kingdom',NULL,'2016-04-03 14:47:00','2016-04-03 14:47:00','UK','GB',1,'.uk');
INSERT INTO "email_collector_country" VALUES(248,'Ukraine','ukraine',NULL,'2016-04-03 14:47:00','2016-04-03 14:47:00','UP','UA',1,'.ua');
INSERT INTO "email_collector_country" VALUES(249,'United States','united-states',NULL,'2016-04-03 14:47:00','2016-04-03 14:47:00','US','US',1,'.us');
INSERT INTO "email_collector_country" VALUES(250,'Burkina Faso','burkina-faso',NULL,'2016-04-03 14:47:00','2016-04-03 14:47:00','UV','BF',1,'.bf');
INSERT INTO "email_collector_country" VALUES(251,'Uruguay','uruguay',NULL,'2016-04-03 14:47:00','2016-04-03 14:47:00','UY','UY',1,'.uy');
INSERT INTO "email_collector_country" VALUES(252,'Uzbekistan','uzbekistan',NULL,'2016-04-03 14:47:00','2016-04-03 14:47:00','UZ','UZ',1,'.uz');
INSERT INTO "email_collector_country" VALUES(253,'Saint Vincent and the Grenadines','saint-vincent-and-the-grenadines',NULL,'2016-04-03 14:47:00','2016-04-03 14:47:00','VC','VC',1,'.vc');
INSERT INTO "email_collector_country" VALUES(254,'Venezuela','venezuela',NULL,'2016-04-03 14:47:00','2016-04-03 14:47:00','VE','VE',1,'.ve');
INSERT INTO "email_collector_country" VALUES(255,'British Virgin Islands','british-virgin-islands',NULL,'2016-04-03 14:47:00','2016-04-03 14:47:00','VI','VG',1,'.vg');
INSERT INTO "email_collector_country" VALUES(256,'Vietnam','vietnam',NULL,'2016-04-03 14:47:00','2016-04-03 14:47:00','VM','VN',1,'.vn');
INSERT INTO "email_collector_country" VALUES(257,'Virgin Islands (US)','virgin-islands-us',NULL,'2016-04-03 14:47:00','2016-04-03 14:47:00','VQ','VI',1,'.vi');
INSERT INTO "email_collector_country" VALUES(258,'Holy See (Vatican City)','vatican-city',NULL,'2016-04-03 14:47:00','2016-04-03 14:47:00','VT','VA',1,'.va');
INSERT INTO "email_collector_country" VALUES(259,'Namibia','namibia',NULL,'2016-04-03 14:47:00','2016-04-03 14:47:00','WA','NA',1,'.na');
INSERT INTO "email_collector_country" VALUES(260,'West Bank','west-bank',NULL,'2016-04-03 14:47:00','2016-04-03 14:47:00','WE','-',1,'-');
INSERT INTO "email_collector_country" VALUES(261,'Wallis and Futuna','wallis-and-futuna',NULL,'2016-04-03 14:47:00','2016-04-03 14:47:00','WF','WF',1,'.wf');
INSERT INTO "email_collector_country" VALUES(262,'Western Sahara','western-sahara',NULL,'2016-04-03 14:47:00','2016-04-03 14:47:00','WI','EH',1,'.eh');
INSERT INTO "email_collector_country" VALUES(263,'Wake Island','wake-island',NULL,'2016-04-03 14:47:00','2016-04-03 14:47:00','WQ','UM',1,'-');
INSERT INTO "email_collector_country" VALUES(264,'Samoa','samoa',NULL,'2016-04-03 14:47:00','2016-04-03 14:47:00','WS','WS',1,'.ws');
INSERT INTO "email_collector_country" VALUES(265,'Swaziland','swaziland',NULL,'2016-04-03 14:47:00','2016-04-03 14:47:00','WZ','SZ',1,'.sz');
INSERT INTO "email_collector_country" VALUES(266,'Serbia and Montenegro','serbia-and-montenegro',NULL,'2016-04-03 14:47:00','2016-04-03 14:47:00','YI','CS',1,'.yu');
INSERT INTO "email_collector_country" VALUES(267,'Yemen','yemen',NULL,'2016-04-03 14:47:00','2016-04-03 14:47:00','YM','YE',1,'.ye');
INSERT INTO "email_collector_country" VALUES(268,'Zambia','zambia',NULL,'2016-04-03 14:47:00','2016-04-03 14:47:00','ZA','ZM',1,'.zm');
INSERT INTO "email_collector_country" VALUES(269,'Zimbabwe','zimbabwe',NULL,'2016-04-03 14:47:00','2016-04-03 14:47:00','ZI','ZW',1,'.zw');
DELETE FROM sqlite_sequence;
INSERT INTO "sqlite_sequence" VALUES('django_migrations',21);
INSERT INTO "sqlite_sequence" VALUES('django_admin_log',39);
INSERT INTO "sqlite_sequence" VALUES('django_content_type',12);
INSERT INTO "sqlite_sequence" VALUES('auth_permission',36);
INSERT INTO "sqlite_sequence" VALUES('auth_user',1);
INSERT INTO "sqlite_sequence" VALUES('email_collector_prospectiveuser',20);
INSERT INTO "sqlite_sequence" VALUES('email_collector_location',3);
INSERT INTO "sqlite_sequence" VALUES('email_collector_region',3);
INSERT INTO "sqlite_sequence" VALUES('email_collector_resort',3);
INSERT INTO "sqlite_sequence" VALUES('email_collector_country',269);
INSERT INTO "sqlite_sequence" VALUES('email_collector_continent',7);
CREATE UNIQUE INDEX "auth_group_permissions_group_id_0cd325b0_uniq" ON "auth_group_permissions" ("group_id", "permission_id");
CREATE INDEX "auth_group_permissions_0e939a4f" ON "auth_group_permissions" ("group_id");
CREATE INDEX "auth_group_permissions_8373b171" ON "auth_group_permissions" ("permission_id");
CREATE UNIQUE INDEX "auth_user_groups_user_id_94350c0c_uniq" ON "auth_user_groups" ("user_id", "group_id");
CREATE INDEX "auth_user_groups_e8701ad4" ON "auth_user_groups" ("user_id");
CREATE INDEX "auth_user_groups_0e939a4f" ON "auth_user_groups" ("group_id");
CREATE UNIQUE INDEX "auth_user_user_permissions_user_id_14a6b632_uniq" ON "auth_user_user_permissions" ("user_id", "permission_id");
CREATE INDEX "auth_user_user_permissions_e8701ad4" ON "auth_user_user_permissions" ("user_id");
CREATE INDEX "auth_user_user_permissions_8373b171" ON "auth_user_user_permissions" ("permission_id");
CREATE INDEX "django_admin_log_417f1b1c" ON "django_admin_log" ("content_type_id");
CREATE INDEX "django_admin_log_e8701ad4" ON "django_admin_log" ("user_id");
CREATE UNIQUE INDEX "django_content_type_app_label_76bd3d3b_uniq" ON "django_content_type" ("app_label", "model");
CREATE UNIQUE INDEX "auth_permission_content_type_id_01ab375a_uniq" ON "auth_permission" ("content_type_id", "codename");
CREATE INDEX "auth_permission_417f1b1c" ON "auth_permission" ("content_type_id");
CREATE INDEX "django_session_de54fa62" ON "django_session" ("expire_date");
CREATE INDEX "email_collector_continent_2dbcba41" ON "email_collector_continent" ("slug");
CREATE INDEX "email_collector_location_2dbcba41" ON "email_collector_location" ("slug");
CREATE INDEX "email_collector_location_0f442f96" ON "email_collector_location" ("region_id");
CREATE INDEX "email_collector_region_2dbcba41" ON "email_collector_region" ("slug");
CREATE INDEX "email_collector_region_93bfec8a" ON "email_collector_region" ("country_id");
CREATE INDEX "email_collector_resort_2dbcba41" ON "email_collector_resort" ("slug");
CREATE INDEX "email_collector_resort_e274a5da" ON "email_collector_resort" ("location_id");
CREATE INDEX "email_collector_country_071e6d87" ON "email_collector_country" ("continent_id");
CREATE UNIQUE INDEX email_collector_country_2dbcba41 ON email_collector_country (slug);
COMMIT;
